0,1,2,3,4,5,6,7,8,9,10,11,12,13,14,15,16,17,18,19,20,21,22,23,24,25,26,27,28,29,30,31,32,33,34,35
ADNI_age-freeze-reg_y-Aware_Contrastive_MRI_epoch_99-train_30,batch_8-lr_0.0001-wd_5e-05-tf_cutout,seed_6,1,10,True,2,100,True,ADNI_age,cutout,DenseNet,20,0.25,/scratch/connectome/study_group/VAE_ADHD/data,./csv/fsdat_baseline.csv,reg,PTAGE,1,AGE,8,0.0001,5e-05,reshape,"[1, 80, 80, 80]",6,99,3425.034977213542,0.0,3322.09716796875,0.0,3297.601197737354,,,,
test-freeze-cls_UKBsim32a-train_80,batch_8-lr_0.001-wd_5e-05-tf_cutout,seed_0,1,10,True,2,5,True,test,cutout,DenseNet,20,0.25,/scratch/connectome/study_group/VAE_ADHD/data,./csv/fsdat_baseline.csv,cls,Dx.new,2,AD/CN,8,0.001,5e-05,reshape,"[1, 80, 80, 80]",0,4,0.6738561749458313,60.0,0.6518005847930908,70.0,0.6416971108098051,63.63636363636363,0.7161972226907292,0.7161972226907292,0.7161972226907292
test-freeze-cls_UKBsim32a-train_80,batch_8-lr_0.001-wd_5e-05-tf_cutout,seed_1,1,10,True,2,5,True,test,cutout,DenseNet,20,0.25,/scratch/connectome/study_group/VAE_ADHD/data,./csv/fsdat_baseline.csv,cls,Dx.new,2,AD/CN,8,0.001,5e-05,reshape,"[1, 80, 80, 80]",1,4,0.6187832593917847,65.0,0.7256253838539124,65.0,0.635699464451699,64.5021645021645,0.7096756057795018,0.709675605779502,0.7096756057795017
test-freeze-cls_UKBsim32a-train_80,batch_8-lr_0.001-wd_5e-05-tf_cutout,seed_2,1,10,True,2,5,True,test,cutout,DenseNet,20,0.25,/scratch/connectome/study_group/VAE_ADHD/data,./csv/fsdat_baseline.csv,cls,Dx.new,2,AD/CN,8,0.001,5e-05,reshape,"[1, 80, 80, 80]",2,4,0.5706627309322357,73.75,0.8129637122154236,50.0,0.6369974419668123,64.71861471861472,0.6922658870710818,0.6922658870710818,0.6922658870710819
test-freeze-cls_UKBsim32a-train_80,batch_8-lr_0.001-wd_5e-05-tf_cutout,seed_3,1,10,True,2,5,True,test,cutout,DenseNet,20,0.25,/scratch/connectome/study_group/VAE_ADHD/data,./csv/fsdat_baseline.csv,cls,Dx.new,2,AD/CN,8,0.001,5e-05,reshape,"[1, 80, 80, 80]",3,4,0.6246168673038482,65.0,0.7013453543186188,45.0,0.639769306430569,64.71861471861472,0.6968759955772942,0.6968759955772943,0.6968759955772941
test-freeze-cls_UKBsim32a-train_80,batch_8-lr_0.001-wd_5e-05-tf_cutout,seed_4,1,10,True,2,5,True,test,cutout,DenseNet,20,0.25,/scratch/connectome/study_group/VAE_ADHD/data,./csv/fsdat_baseline.csv,cls,Dx.new,2,AD/CN,8,0.001,5e-05,reshape,"[1, 80, 80, 80]",4,4,0.665663892030716,57.5,0.6943787336349487,55.0,0.64490048845351,62.77056277056277,0.7106501002604899,0.7106501002604899,0.7106501002604898
test-freeze-cls_None-train_200,batch_8-lr_0.001-wd_5e-05-tf_cutout,seed_0,1,10,True,2,5,True,test,cutout,DenseNet,20,0.25,/scratch/connectome/study_group/VAE_ADHD/data,./csv/fsdat_baseline.csv,cls,Dx.new,2,AD/CN,8,0.001,5e-05,reshape,"[1, 80, 80, 80]",0,4,0.7137218308448792,50.5,0.7555978012084961,50.0,0.6892557585468659,50.0,0.7910502958579881,0.7910502958579881,0.7910502958579883
test-freeze-cls_None-train_200,batch_8-lr_0.001-wd_5e-05-tf_cutout,seed_1,1,10,True,2,5,True,test,cutout,DenseNet,20,0.25,/scratch/connectome/study_group/VAE_ADHD/data,./csv/fsdat_baseline.csv,cls,Dx.new,2,AD/CN,8,0.001,5e-05,reshape,"[1, 80, 80, 80]",1,4,0.6967577433586121,52.5,0.688697772026062,50.0,0.6856708377599716,50.0,0.7558349769888232,0.7558349769888232,0.7558349769888232
test-freeze-cls_None-train_200,batch_8-lr_0.001-wd_5e-05-tf_cutout,seed_2,1,10,True,2,5,True,test,cutout,DenseNet,20,0.25,/scratch/connectome/study_group/VAE_ADHD/data,./csv/fsdat_baseline.csv,cls,Dx.new,2,AD/CN,8,0.001,5e-05,reshape,"[1, 80, 80, 80]",2,4,0.7613053894042969,49.0,0.7308750462532043,50.0,0.699558457885033,50.0,0.7759697567389876,0.7759697567389876,0.7759697567389875
test-freeze-cls_None-train_200,batch_8-lr_0.001-wd_5e-05-tf_cutout,seed_3,1,10,True,2,5,True,test,cutout,DenseNet,20,0.25,/scratch/connectome/study_group/VAE_ADHD/data,./csv/fsdat_baseline.csv,cls,Dx.new,2,AD/CN,8,0.001,5e-05,reshape,"[1, 80, 80, 80]",3,4,0.7252941823005676,50.5,0.7543688154220581,50.0,0.693174347281456,50.0,0.6916091387245235,0.6916091387245235,0.6916091387245235
test-freeze-cls_None-train_200,batch_8-lr_0.001-wd_5e-05-tf_cutout,seed_4,1,10,True,2,5,True,test,cutout,DenseNet,20,0.25,/scratch/connectome/study_group/VAE_ADHD/data,./csv/fsdat_baseline.csv,cls,Dx.new,2,AD/CN,8,0.001,5e-05,reshape,"[1, 80, 80, 80]",4,4,0.7424679958820343,49.5,0.7563059830665588,50.0,0.6918174844139662,50.0,0.773052268244576,0.773052268244576,0.773052268244576
test-freeze-cls_None-train_80,batch_8-lr_0.001-wd_5e-05-tf_cutout,seed_0,1,10,True,2,5,True,test,cutout,DenseNet,20,0.25,/scratch/connectome/study_group/VAE_ADHD/data,./csv/fsdat_baseline.csv,cls,Dx.new,2,AD/CN,8,0.001,5e-05,reshape,"[1, 80, 80, 80]",0,4,0.7332831025123596,50.0,0.7354895353317261,50.0,0.692040720156261,50.0,0.7277740297220816,0.7277787147917018,0.7277693446524616
test-freeze-cls_None-train_80,batch_8-lr_0.001-wd_5e-05-tf_cutout,seed_1,1,10,True,2,5,True,test,cutout,DenseNet,20,0.25,/scratch/connectome/study_group/VAE_ADHD/data,./csv/fsdat_baseline.csv,cls,Dx.new,2,AD/CN,8,0.001,5e-05,reshape,"[1, 80, 80, 80]",1,4,0.7107236325740814,57.5,0.7349956035614014,50.0,0.6908720954930111,50.0,0.7172419932160192,0.7172466782856393,0.7172373081463991
test-freeze-cls_None-train_80,batch_8-lr_0.001-wd_5e-05-tf_cutout,seed_2,1,10,True,2,5,True,test,cutout,DenseNet,20,0.25,/scratch/connectome/study_group/VAE_ADHD/data,./csv/fsdat_baseline.csv,cls,Dx.new,2,AD/CN,8,0.001,5e-05,reshape,"[1, 80, 80, 80]",2,4,0.7002824306488037,51.25,0.706870698928833,50.0,0.6928170350464907,50.0,0.7357808137028916,0.7357808137028915,0.7357808137028916
test-freeze-cls_None-train_80,batch_8-lr_0.001-wd_5e-05-tf_cutout,seed_3,1,10,True,2,5,True,test,cutout,DenseNet,20,0.25,/scratch/connectome/study_group/VAE_ADHD/data,./csv/fsdat_baseline.csv,cls,Dx.new,2,AD/CN,8,0.001,5e-05,reshape,"[1, 80, 80, 80]",3,4,0.7219869494438171,52.5,0.7000116586685181,50.0,0.6902376215953332,63.63636363636363,0.7098442682858268,0.7098442682858267,0.7098442682858268
test-freeze-cls_None-train_80,batch_8-lr_0.001-wd_5e-05-tf_cutout,seed_4,1,10,True,2,5,True,test,cutout,DenseNet,20,0.25,/scratch/connectome/study_group/VAE_ADHD/data,./csv/fsdat_baseline.csv,cls,Dx.new,2,AD/CN,8,0.001,5e-05,reshape,"[1, 80, 80, 80]",4,4,0.7184293568134308,38.75,0.7028591156005859,50.0,0.6921037863859366,50.0,0.6792976143625494,0.6792976143625494,0.6792976143625494
test-freeze-cls_None-train_20,batch_8-lr_0.001-wd_5e-05-tf_cutout,seed_0,1,10,True,2,5,True,test,cutout,DenseNet,20,0.25,/scratch/connectome/study_group/VAE_ADHD/data,./csv/fsdat_baseline.csv,cls,Dx.new,2,AD/CN,8,0.001,5e-05,reshape,"[1, 80, 80, 80]",0,4,0.6888975620269775,50.0,0.6711214780807495,60.0,0.7069274202627399,49.906890130353815,0.3899877933751318,0.3899877933751318,0.3899877933751318
test-freeze-cls_None-train_20,batch_8-lr_0.001-wd_5e-05-tf_cutout,seed_1,1,10,True,2,5,True,test,cutout,DenseNet,20,0.25,/scratch/connectome/study_group/VAE_ADHD/data,./csv/fsdat_baseline.csv,cls,Dx.new,2,AD/CN,8,0.001,5e-05,reshape,"[1, 80, 80, 80]",1,4,0.6755983352661132,50.0,0.8613241910934448,40.0,0.7741491013732036,49.906890130353815,0.256103312434112,0.256103312434112,0.25610331243411194
test-freeze-cls_None-train_20,batch_8-lr_0.001-wd_5e-05-tf_cutout,seed_2,1,10,True,2,5,True,test,cutout,DenseNet,20,0.25,/scratch/connectome/study_group/VAE_ADHD/data,./csv/fsdat_baseline.csv,cls,Dx.new,2,AD/CN,8,0.001,5e-05,reshape,"[1, 80, 80, 80]",2,4,0.7071611046791076,50.0,0.7020789384841919,40.0,0.7048945523507102,49.906890130353815,0.2884543361260611,0.28845780391721687,0.28845086833490535
test-freeze-cls_None-train_20,batch_8-lr_0.001-wd_5e-05-tf_cutout,seed_3,1,10,True,2,5,True,test,cutout,DenseNet,20,0.25,/scratch/connectome/study_group/VAE_ADHD/data,./csv/fsdat_baseline.csv,cls,Dx.new,2,AD/CN,8,0.001,5e-05,reshape,"[1, 80, 80, 80]",3,4,0.6927839040756225,50.0,0.6945784687995911,20.0,0.7062399512784663,49.906890130353815,0.3406896743050547,0.3406896743050547,0.34068967430505465
test-freeze-cls_None-train_20,batch_8-lr_0.001-wd_5e-05-tf_cutout,seed_4,1,10,True,2,5,True,test,cutout,DenseNet,20,0.25,/scratch/connectome/study_group/VAE_ADHD/data,./csv/fsdat_baseline.csv,cls,Dx.new,2,AD/CN,8,0.001,5e-05,reshape,"[1, 80, 80, 80]",4,4,0.7310831785202027,50.0,0.6761912107467651,60.0,0.7320050791433181,49.906890130353815,0.2898275814237363,0.2898241136325806,0.2898310492148921
test-freeze-cls_None-train_100,batch_8-lr_0.001-wd_5e-05-tf_cutout,seed_0,1,10,True,2,5,True,test,cutout,DenseNet,20,0.25,/scratch/connectome/study_group/VAE_ADHD/data,./csv/fsdat_baseline.csv,cls,Dx.new,2,AD/CN,8,0.001,5e-05,reshape,"[1, 80, 80, 80]",0,4,0.7095053315162658,46.0,0.7042292976379394,48.0,0.6920710838904915,51.48741418764302,0.655303506346613,0.655303506346613,0.655303506346613
test-freeze-cls_None-train_100,batch_8-lr_0.001-wd_5e-05-tf_cutout,seed_1,1,10,True,2,5,True,test,cutout,DenseNet,20,0.25,/scratch/connectome/study_group/VAE_ADHD/data,./csv/fsdat_baseline.csv,cls,Dx.new,2,AD/CN,8,0.001,5e-05,reshape,"[1, 80, 80, 80]",1,4,0.7348284101486207,51.0,0.7171433258056641,48.0,0.6892905764503392,63.1578947368421,0.7215920991998659,0.7215868627204558,0.7215973356792761
test-freeze-cls_None-train_100,batch_8-lr_0.001-wd_5e-05-tf_cutout,seed_2,1,10,True,2,5,True,test,cutout,DenseNet,20,0.25,/scratch/connectome/study_group/VAE_ADHD/data,./csv/fsdat_baseline.csv,cls,Dx.new,2,AD/CN,8,0.001,5e-05,reshape,"[1, 80, 80, 80]",2,4,0.7077891087532043,48.0,0.6994949102401733,48.0,0.6929666394499947,50.11441647597254,0.530654350467094,0.530654350467094,0.530654350467094
test-freeze-cls_None-train_100,batch_8-lr_0.001-wd_5e-05-tf_cutout,seed_3,1,10,True,2,5,True,test,cutout,DenseNet,20,0.25,/scratch/connectome/study_group/VAE_ADHD/data,./csv/fsdat_baseline.csv,cls,Dx.new,2,AD/CN,8,0.001,5e-05,reshape,"[1, 80, 80, 80]",3,4,0.7308750438690186,40.0,0.7031887602806092,52.0,0.6914670146848299,49.88558352402746,0.7051652632901848,0.7051652632901847,0.7051652632901848
test-freeze-cls_None-train_100,batch_8-lr_0.001-wd_5e-05-tf_cutout,seed_4,1,10,True,2,5,True,test,cutout,DenseNet,20,0.25,/scratch/connectome/study_group/VAE_ADHD/data,./csv/fsdat_baseline.csv,cls,Dx.new,2,AD/CN,8,0.001,5e-05,reshape,"[1, 80, 80, 80]",4,4,0.7124927306175232,48.0,0.6895024967193604,52.0,0.689956307547589,49.88558352402746,0.7637300490134473,0.7637300490134472,0.7637300490134473
test-freeze-cls_UKBsim32a-train_20,batch_8-lr_0.001-wd_5e-05-tf_cutout,seed_0,1,10,True,2,5,True,test,cutout,DenseNet,20,0.25,/scratch/connectome/study_group/VAE_ADHD/data,./csv/fsdat_baseline.csv,cls,Dx.new,2,AD/CN,8,0.001,5e-05,reshape,"[1, 80, 80, 80]",0,4,0.6647272229194641,70.0,0.6912714242935181,40.0,0.6777808973132121,57.54189944134078,0.6641374909837431,0.6641374909837431,0.6641374909837431
test-freeze-cls_UKBsim32a-train_20,batch_8-lr_0.001-wd_5e-05-tf_cutout,seed_1,1,10,True,2,5,True,test,cutout,DenseNet,20,0.25,/scratch/connectome/study_group/VAE_ADHD/data,./csv/fsdat_baseline.csv,cls,Dx.new,2,AD/CN,8,0.001,5e-05,reshape,"[1, 80, 80, 80]",1,4,0.6214113593101501,60.0,0.8273374438285828,40.0,0.7640605720394816,49.906890130353815,0.5717971480885535,0.5717971480885535,0.5717971480885535
test-freeze-cls_UKBsim32a-train_20,batch_8-lr_0.001-wd_5e-05-tf_cutout,seed_2,1,10,True,2,5,True,test,cutout,DenseNet,20,0.25,/scratch/connectome/study_group/VAE_ADHD/data,./csv/fsdat_baseline.csv,cls,Dx.new,2,AD/CN,8,0.001,5e-05,reshape,"[1, 80, 80, 80]",2,4,0.600008511543274,70.0,0.625940203666687,80.0,0.6579604984106743,60.707635009310984,0.6897020473838984,0.6897020473838983,0.6897020473838985
test-freeze-cls_UKBsim32a-train_20,batch_8-lr_0.001-wd_5e-05-tf_cutout,seed_3,1,10,True,2,5,True,test,cutout,DenseNet,20,0.25,/scratch/connectome/study_group/VAE_ADHD/data,./csv/fsdat_baseline.csv,cls,Dx.new,2,AD/CN,8,0.001,5e-05,reshape,"[1, 80, 80, 80]",3,4,0.5714163899421691,60.0,1.2004488706588745,20.0,0.6485616722364443,62.756052141527,0.6993979914553625,0.6993979914553625,0.6993979914553626
test-freeze-cls_UKBsim32a-train_20,batch_8-lr_0.001-wd_5e-05-tf_cutout,seed_4,1,10,True,2,5,True,test,cutout,DenseNet,20,0.25,/scratch/connectome/study_group/VAE_ADHD/data,./csv/fsdat_baseline.csv,cls,Dx.new,2,AD/CN,8,0.001,5e-05,reshape,"[1, 80, 80, 80]",4,4,0.6682874679565429,55.0,0.6243038773536682,60.0,0.6497693560615154,62.01117318435754,0.7069300338456417,0.7069300338456418,0.7069300338456416
test-freeze-cls_UKBsim32a-train_10,batch_8-lr_0.001-wd_5e-05-tf_cutout,seed_0,1,10,True,2,5,True,test,cutout,DenseNet,20,0.25,/scratch/connectome/study_group/VAE_ADHD/data,./csv/fsdat_baseline.csv,cls,Dx.new,2,AD/CN,8,0.001,5e-05,reshape,"[1, 80, 80, 80]",0,4,0.7276892304420471,50.0,0.6759389638900757,50.0,0.654699708617885,66.0,0.7027041322314049,0.7027041322314049,0.7027041322314049
test-freeze-cls_UKBsim32a-train_10,batch_8-lr_0.001-wd_5e-05-tf_cutout,seed_1,1,10,True,2,5,True,test,cutout,DenseNet,20,0.25,/scratch/connectome/study_group/VAE_ADHD/data,./csv/fsdat_baseline.csv,cls,Dx.new,2,AD/CN,8,0.001,5e-05,reshape,"[1, 80, 80, 80]",1,4,0.5882649421691895,70.0,0.7180914282798767,50.0,0.7945350377261639,41.63636363636363,0.39438016528925623,0.39438016528925623,0.3943801652892562
test-freeze-cls_UKBsim32a-train_10,batch_8-lr_0.001-wd_5e-05-tf_cutout,seed_2,1,10,True,2,5,True,test,cutout,DenseNet,20,0.25,/scratch/connectome/study_group/VAE_ADHD/data,./csv/fsdat_baseline.csv,cls,Dx.new,2,AD/CN,8,0.001,5e-05,reshape,"[1, 80, 80, 80]",2,4,0.6173117518424988,70.0,1.2326264381408691,50.0,0.7063795545968142,56.90909090909091,0.5769388429752066,0.5769388429752066,0.5769388429752066
test-freeze-cls_UKBsim32a-train_10,batch_8-lr_0.001-wd_5e-05-tf_cutout,seed_3,1,10,True,2,5,True,test,cutout,DenseNet,20,0.25,/scratch/connectome/study_group/VAE_ADHD/data,./csv/fsdat_baseline.csv,cls,Dx.new,2,AD/CN,8,0.001,5e-05,reshape,"[1, 80, 80, 80]",3,4,0.6184659957885742,80.0,0.8401974439620972,0.0,0.7396688836271113,36.0,0.327497520661157,0.32749752066115706,0.327497520661157
test-freeze-cls_UKBsim32a-train_10,batch_8-lr_0.001-wd_5e-05-tf_cutout,seed_4,1,10,True,2,5,True,test,cutout,DenseNet,20,0.25,/scratch/connectome/study_group/VAE_ADHD/data,./csv/fsdat_baseline.csv,cls,Dx.new,2,AD/CN,8,0.001,5e-05,reshape,"[1, 80, 80, 80]",4,4,0.6838036298751831,70.0,0.6313192844390869,100.0,0.6518959275256334,65.27272727272727,0.6978247933884298,0.6978247933884297,0.6978247933884298
test-freeze-cls_None-train_40,batch_8-lr_0.001-wd_5e-05-tf_cutout,seed_0,1,10,True,2,5,True,test,cutout,DenseNet,20,0.25,/scratch/connectome/study_group/VAE_ADHD/data,./csv/fsdat_baseline.csv,cls,Dx.new,2,AD/CN,8,0.001,5e-05,reshape,"[1, 80, 80, 80]",0,4,0.7080341339111328,30.0,0.6945651769638062,40.0,0.6909290230832994,57.2265625,0.734161376953125,0.734161376953125,0.734161376953125
test-freeze-cls_None-train_40,batch_8-lr_0.001-wd_5e-05-tf_cutout,seed_1,1,10,True,2,5,True,test,cutout,DenseNet,20,0.25,/scratch/connectome/study_group/VAE_ADHD/data,./csv/fsdat_baseline.csv,cls,Dx.new,2,AD/CN,8,0.001,5e-05,reshape,"[1, 80, 80, 80]",1,4,0.7063374042510986,50.0,0.6952794790267944,50.0,0.6967838434502482,50.0,0.3665771484375,0.3665771484375,0.3665771484375
test-freeze-cls_None-train_40,batch_8-lr_0.001-wd_5e-05-tf_cutout,seed_2,1,10,True,2,5,True,test,cutout,DenseNet,20,0.25,/scratch/connectome/study_group/VAE_ADHD/data,./csv/fsdat_baseline.csv,cls,Dx.new,2,AD/CN,8,0.001,5e-05,reshape,"[1, 80, 80, 80]",2,4,0.690150797367096,50.0,0.6963695526123047,50.0,0.6937769193900749,49.609375,0.3908195495605469,0.3908233642578125,0.39081573486328125
test-freeze-cls_None-train_40,batch_8-lr_0.001-wd_5e-05-tf_cutout,seed_3,1,10,True,2,5,True,test,cutout,DenseNet,20,0.25,/scratch/connectome/study_group/VAE_ADHD/data,./csv/fsdat_baseline.csv,cls,Dx.new,2,AD/CN,8,0.001,5e-05,reshape,"[1, 80, 80, 80]",3,4,0.6944710850715637,45.0,0.6923764228820801,50.0,0.6913918618811294,50.390625,0.698822021484375,0.698822021484375,0.698822021484375
test-freeze-cls_None-train_40,batch_8-lr_0.001-wd_5e-05-tf_cutout,seed_4,1,10,True,2,5,True,test,cutout,DenseNet,20,0.25,/scratch/connectome/study_group/VAE_ADHD/data,./csv/fsdat_baseline.csv,cls,Dx.new,2,AD/CN,8,0.001,5e-05,reshape,"[1, 80, 80, 80]",4,4,0.7555902600288391,42.5,0.7197276830673218,50.0,0.6958521618507802,50.0,0.6168594360351562,0.616851806640625,0.6168670654296875
test-freeze-cls_None-train_10,batch_8-lr_0.001-wd_5e-05-tf_cutout,seed_0,1,10,True,2,5,True,test,cutout,DenseNet,20,0.25,/scratch/connectome/study_group/VAE_ADHD/data,./csv/fsdat_baseline.csv,cls,Dx.new,2,AD/CN,8,0.001,5e-05,reshape,"[1, 80, 80, 80]",0,4,0.7213195919990539,50.0,0.7314393520355225,50.0,0.6959050007299944,50.0,0.4122611570247934,0.41226446280991735,0.4122578512396694
test-freeze-cls_None-train_10,batch_8-lr_0.001-wd_5e-05-tf_cutout,seed_1,1,10,True,2,5,True,test,cutout,DenseNet,20,0.25,/scratch/connectome/study_group/VAE_ADHD/data,./csv/fsdat_baseline.csv,cls,Dx.new,2,AD/CN,8,0.001,5e-05,reshape,"[1, 80, 80, 80]",1,4,0.746441650390625,50.0,0.7719519138336182,50.0,0.7027941396019676,50.0,0.7237983471074381,0.7237950413223141,0.7238016528925622
test-freeze-cls_None-train_10,batch_8-lr_0.001-wd_5e-05-tf_cutout,seed_2,1,10,True,2,5,True,test,cutout,DenseNet,20,0.25,/scratch/connectome/study_group/VAE_ADHD/data,./csv/fsdat_baseline.csv,cls,Dx.new,2,AD/CN,8,0.001,5e-05,reshape,"[1, 80, 80, 80]",2,4,0.699807858467102,50.0,0.7582765221595764,50.0,0.6968434399908239,50.0,0.28962644628099177,0.28962644628099177,0.2896264462809917
test-freeze-cls_None-train_10,batch_8-lr_0.001-wd_5e-05-tf_cutout,seed_3,1,10,True,2,5,True,test,cutout,DenseNet,20,0.25,/scratch/connectome/study_group/VAE_ADHD/data,./csv/fsdat_baseline.csv,cls,Dx.new,2,AD/CN,8,0.001,5e-05,reshape,"[1, 80, 80, 80]",3,4,0.723790979385376,30.0,0.6917298436164856,50.0,0.6923391351916574,50.0,0.6722280991735538,0.6722247933884298,0.6722314049586777
test-freeze-cls_None-train_10,batch_8-lr_0.001-wd_5e-05-tf_cutout,seed_4,1,10,True,2,5,True,test,cutout,DenseNet,20,0.25,/scratch/connectome/study_group/VAE_ADHD/data,./csv/fsdat_baseline.csv,cls,Dx.new,2,AD/CN,8,0.001,5e-05,reshape,"[1, 80, 80, 80]",4,4,0.7476065635681153,50.0,0.7866231203079224,50.0,0.6930625062639063,50.0,0.6713223140495866,0.6713190082644627,0.6713256198347106
test-freeze-cls_UKBsim32a-train_100,batch_8-lr_0.001-wd_5e-05-tf_cutout,seed_0,1,10,True,2,5,True,test,cutout,DenseNet,20,0.25,/scratch/connectome/study_group/VAE_ADHD/data,./csv/fsdat_baseline.csv,cls,Dx.new,2,AD/CN,8,0.001,5e-05,reshape,"[1, 80, 80, 80]",0,4,0.6559060192108155,63.0,0.7140818285942078,56.0,0.6386578098382776,62.70022883295194,0.708998366218424,0.7089983662184239,0.7089983662184243
test-freeze-cls_UKBsim32a-train_100,batch_8-lr_0.001-wd_5e-05-tf_cutout,seed_1,1,10,True,2,5,True,test,cutout,DenseNet,20,0.25,/scratch/connectome/study_group/VAE_ADHD/data,./csv/fsdat_baseline.csv,cls,Dx.new,2,AD/CN,8,0.001,5e-05,reshape,"[1, 80, 80, 80]",1,4,0.5984847927093506,69.0,0.6333398628234863,56.0,0.6504609056788943,63.61556064073226,0.7074274223953751,0.7074274223953751,0.7074274223953751
test-freeze-cls_UKBsim32a-train_100,batch_8-lr_0.001-wd_5e-05-tf_cutout,seed_2,1,10,True,2,5,True,test,cutout,DenseNet,20,0.25,/scratch/connectome/study_group/VAE_ADHD/data,./csv/fsdat_baseline.csv,cls,Dx.new,2,AD/CN,8,0.001,5e-05,reshape,"[1, 80, 80, 80]",2,4,0.6173531317710876,67.0,0.6371354103088379,60.0,0.6476778875976733,61.327231121281464,0.6901679862594781,0.690167986259478,0.6901679862594781
test-freeze-cls_UKBsim32a-train_100,batch_8-lr_0.001-wd_5e-05-tf_cutout,seed_3,1,10,True,2,5,True,test,cutout,DenseNet,20,0.25,/scratch/connectome/study_group/VAE_ADHD/data,./csv/fsdat_baseline.csv,cls,Dx.new,2,AD/CN,8,0.001,5e-05,reshape,"[1, 80, 80, 80]",3,4,0.6435938477516174,59.0,0.6520559573173523,56.0,0.6382035413241223,64.07322654462243,0.6946085207992962,0.6946085207992962,0.6946085207992962
test-freeze-cls_UKBsim32a-train_100,batch_8-lr_0.001-wd_5e-05-tf_cutout,seed_4,1,10,True,2,5,True,test,cutout,DenseNet,20,0.25,/scratch/connectome/study_group/VAE_ADHD/data,./csv/fsdat_baseline.csv,cls,Dx.new,2,AD/CN,8,0.001,5e-05,reshape,"[1, 80, 80, 80]",4,4,0.6756137990951538,57.0,0.5776589441299439,80.0,0.6307675608559522,65.67505720823799,0.6923044698588244,0.6923044698588244,0.6923044698588244
test-freeze-cls_UKBsim32a-train_40,batch_8-lr_0.001-wd_5e-05-tf_cutout,seed_0,1,10,True,2,5,True,test,cutout,DenseNet,20,0.25,/scratch/connectome/study_group/VAE_ADHD/data,./csv/fsdat_baseline.csv,cls,Dx.new,2,AD/CN,8,0.001,5e-05,reshape,"[1, 80, 80, 80]",0,4,0.6429290294647216,67.5,1.0083726286888122,30.0,0.6462155870976858,64.453125,0.698211669921875,0.698211669921875,0.698211669921875
test-freeze-cls_UKBsim32a-train_40,batch_8-lr_0.001-wd_5e-05-tf_cutout,seed_1,1,10,True,2,5,True,test,cutout,DenseNet,20,0.25,/scratch/connectome/study_group/VAE_ADHD/data,./csv/fsdat_baseline.csv,cls,Dx.new,2,AD/CN,8,0.001,5e-05,reshape,"[1, 80, 80, 80]",1,4,0.603699117898941,62.5,0.8591155767440796,20.0,0.6797098247334361,50.78125,0.7042388916015625,0.7042388916015625,0.7042388916015625
test-freeze-cls_UKBsim32a-train_40,batch_8-lr_0.001-wd_5e-05-tf_cutout,seed_2,1,10,True,2,5,True,test,cutout,DenseNet,20,0.25,/scratch/connectome/study_group/VAE_ADHD/data,./csv/fsdat_baseline.csv,cls,Dx.new,2,AD/CN,8,0.001,5e-05,reshape,"[1, 80, 80, 80]",2,4,0.6476867973804474,60.0,0.46491827964782717,90.0,0.6752615923905978,61.5234375,0.68780517578125,0.68780517578125,0.68780517578125
test-freeze-cls_UKBsim32a-train_40,batch_8-lr_0.001-wd_5e-05-tf_cutout,seed_3,1,10,True,2,5,True,test,cutout,DenseNet,20,0.25,/scratch/connectome/study_group/VAE_ADHD/data,./csv/fsdat_baseline.csv,cls,Dx.new,2,AD/CN,8,0.001,5e-05,reshape,"[1, 80, 80, 80]",3,4,0.6291364073753357,57.5,0.8279268860816955,40.0,0.6516172697301954,65.625,0.7010040283203125,0.7010040283203125,0.7010040283203125
test-freeze-cls_UKBsim32a-train_40,batch_8-lr_0.001-wd_5e-05-tf_cutout,seed_4,1,10,True,2,5,True,test,cutout,DenseNet,20,0.25,/scratch/connectome/study_group/VAE_ADHD/data,./csv/fsdat_baseline.csv,cls,Dx.new,2,AD/CN,8,0.001,5e-05,reshape,"[1, 80, 80, 80]",4,4,0.6484862565994263,62.5,0.7345073223114014,50.0,0.6608711415756261,62.890625,0.7008056640625,0.7008056640625,0.7008056640625
ADNI_ALZ_ADMCI-freeze-cls_y-Aware_Contrastive_MRI_epoch_99-train_30,batch_8-lr_0.0001-wd_5e-05-tf_cutout,seed_6,1,10,True,2,100,True,ADNI_ALZ_ADMCI,cutout,DenseNet,20,0.25,/scratch/connectome/study_group/VAE_ADHD/data,./csv/fsdat_baseline.csv,cls,Dx.new,2,AD/MCI,8,0.0001,5e-05,reshape,"[1, 80, 80, 80]",6,22,0.5897392392158508,73.33333333333333,0.6409620046615601,71.42857142857143,0.5942096989746242,73.74031007751938,0.36308799356061894,0.36308799356061894,0.3630879935606189
ADNI_ALZ_ADCN-tune_all-cls_resnet50_200-train_10,batch_8-lr_0.001-wd_5e-05-tf_cutout,seed_0,1,10,True,2,400,True,ADNI_ALZ_ADCN,cutout,DenseNet,20,0.25,/scratch/connectome/study_group/VAE_ADHD/data,./csv/fsdat_baseline.csv,cls,Dx.new,2,AD/CN,8,0.001,5e-05,,"[1, 99, 117, 95]",0,44,0.6882977724075318,50.0,0.6885761022567749,50.0,0.6833608688007702,50.90909090909091,0.7344793388429751,0.7344793388429751,0.7344793388429751
ADNI_ALZ_ADCN-tune_all-cls_resnet50-train_10,batch_8-lr_0.0001-wd_5e-05-tf_cutout,seed_0,1,10,True,2,400,True,ADNI_ALZ_ADCN,cutout,DenseNet,20,0.25,/scratch/connectome/study_group/VAE_ADHD/data,./csv/fsdat_baseline.csv,cls,Dx.new,2,AD/CN,8,0.0001,5e-05,,"[1, 99, 117, 95]",0,20,0.7101007461547851,50.0,0.6902364492416382,50.0,0.6701839110458438,57.45454545454545,0.6431074380165289,0.6431074380165289,0.6431074380165289
ADNI_ALZ_ADCN-tune_all-cls_resnet50-train_10,batch_8-lr_0.0001-wd_5e-05-tf_cutout,seed_1,1,10,True,2,400,True,ADNI_ALZ_ADCN,cutout,DenseNet,20,0.25,/scratch/connectome/study_group/VAE_ADHD/data,./csv/fsdat_baseline.csv,cls,Dx.new,2,AD/CN,8,0.0001,5e-05,reshape,"[1, 80, 80, 80]",1,26,0.6986005544662476,50.0,0.6918084621429443,50.0,0.8305572385002267,43.09090909090909,0.5899636363636364,0.5899636363636364,0.5899636363636364
ADNI_ALZ_ADCN-tune_all-cls_resnet50-train_50,batch_8-lr_0.0001-wd_5e-05-tf_cutout,seed_2,1,10,True,2,400,True,ADNI_ALZ_ADCN,cutout,DenseNet,20,0.25,/scratch/connectome/study_group/VAE_ADHD/data,./csv/fsdat_baseline.csv,cls,Dx.new,2,AD/CN,8,0.0001,5e-05,,"[1, 99, 117, 95]",2,64,0.5283574151992798,76.0,0.5430690050125122,50.0,0.6170715091079474,66.4,0.7198559999999999,0.7198559999999999,0.7198559999999999
ADNI_ALZ_ADCN-tune_all-cls_resnet50-train_50,batch_8-lr_0.0001-wd_5e-05-tf_cutout,seed_3,1,10,True,2,400,True,ADNI_ALZ_ADCN,cutout,DenseNet,20,0.25,/scratch/connectome/study_group/VAE_ADHD/data,./csv/fsdat_baseline.csv,cls,Dx.new,2,AD/CN,8,0.0001,5e-05,,"[1, 99, 117, 95]",3,59,0.6052636051177979,68.0,0.4790194034576416,83.33333333333333,0.7977118638800457,64.8,0.706976,0.706976,0.7069759999999999
